INSERT INTO BRANCH(BRANCH_ID,BRANCH_NAME,TIME_START,TIME_END) VALUES (1,'Maadi','9:00:00','17:00:00');
INSERT INTO BRANCH(BRANCH_ID,BRANCH_NAME,TIME_START,TIME_END) VALUES (2,'Mokattem','10:00:00','18:00:00');
INSERT INTO BRANCH(BRANCH_ID,BRANCH_NAME,TIME_START,TIME_END) VALUES (3,'Nasr City','10:00:00','22:00:00');
INSERT INTO BRANCH(BRANCH_ID,BRANCH_NAME,TIME_START,TIME_END) VALUES (4,'New Cairo','00:00:00','23:59:59');

INSERT INTO VACCINE(VACCINE_NAME,QUANTITY,BRANCH_ID) VALUES ('Melga',3,1);
INSERT INTO VACCINE(VACCINE_NAME,QUANTITY,BRANCH_ID) VALUES ('Nogdels',4,1);
INSERT INTO VACCINE(VACCINE_NAME,QUANTITY,BRANCH_ID) VALUES ('Covido',5,1);
INSERT INTO VACCINE(VACCINE_NAME,QUANTITY,BRANCH_ID) VALUES ('Kornes',7,1);
INSERT INTO VACCINE(VACCINE_NAME,QUANTITY,BRANCH_ID) VALUES ('Zula',2,1);
INSERT INTO VACCINE(VACCINE_NAME,QUANTITY,BRANCH_ID) VALUES ('Parma',0,1);
INSERT INTO VACCINE(VACCINE_NAME,QUANTITY,BRANCH_ID) VALUES ('Mora',10,1);
INSERT INTO VACCINE(VACCINE_NAME,QUANTITY,BRANCH_ID) VALUES ('Urua',0,1);
INSERT INTO VACCINE(VACCINE_NAME,QUANTITY,BRANCH_ID) VALUES ('Quarla',12,1);
INSERT INTO VACCINE(VACCINE_NAME,QUANTITY,BRANCH_ID) VALUES ('Verca',13,1);

INSERT INTO VACCINE(VACCINE_NAME,QUANTITY,BRANCH_ID) VALUES ('Melga',3,2);
INSERT INTO VACCINE(VACCINE_NAME,QUANTITY,BRANCH_ID) VALUES ('Nogdels',4,2);
INSERT INTO VACCINE(VACCINE_NAME,QUANTITY,BRANCH_ID) VALUES ('Covido',5,2);
INSERT INTO VACCINE(VACCINE_NAME,QUANTITY,BRANCH_ID) VALUES ('Kornes',7,2);
INSERT INTO VACCINE(VACCINE_NAME,QUANTITY,BRANCH_ID) VALUES ('Zula',2,2);
INSERT INTO VACCINE(VACCINE_NAME,QUANTITY,BRANCH_ID) VALUES ('Parma',8,2);
INSERT INTO VACCINE(VACCINE_NAME,QUANTITY,BRANCH_ID) VALUES ('Mora',10,2);
INSERT INTO VACCINE(VACCINE_NAME,QUANTITY,BRANCH_ID) VALUES ('Urua',9,2);
INSERT INTO VACCINE(VACCINE_NAME,QUANTITY,BRANCH_ID) VALUES ('Quarla',12,2);
INSERT INTO VACCINE(VACCINE_NAME,QUANTITY,BRANCH_ID) VALUES ('Verca',13,2);

INSERT INTO VACCINE(VACCINE_NAME,QUANTITY,BRANCH_ID) VALUES ('Melga',3,3);
INSERT INTO VACCINE(VACCINE_NAME,QUANTITY,BRANCH_ID) VALUES ('Nogdels',0,3);
INSERT INTO VACCINE(VACCINE_NAME,QUANTITY,BRANCH_ID) VALUES ('Covido',5,3);
INSERT INTO VACCINE(VACCINE_NAME,QUANTITY,BRANCH_ID) VALUES ('Kornes',7,3);
INSERT INTO VACCINE(VACCINE_NAME,QUANTITY,BRANCH_ID) VALUES ('Zula',2,3);
INSERT INTO VACCINE(VACCINE_NAME,QUANTITY,BRANCH_ID) VALUES ('Parma',8,3);
INSERT INTO VACCINE(VACCINE_NAME,QUANTITY,BRANCH_ID) VALUES ('Mora',10,3);
INSERT INTO VACCINE(VACCINE_NAME,QUANTITY,BRANCH_ID) VALUES ('Urua',9,3);
INSERT INTO VACCINE(VACCINE_NAME,QUANTITY,BRANCH_ID) VALUES ('Quarla',0,3);
INSERT INTO VACCINE(VACCINE_NAME,QUANTITY,BRANCH_ID) VALUES ('Verca',13,3);

INSERT INTO VACCINE(VACCINE_NAME,QUANTITY,BRANCH_ID) VALUES ('Melga',3,4);
INSERT INTO VACCINE(VACCINE_NAME,QUANTITY,BRANCH_ID) VALUES ('Nogdels',4,4);
INSERT INTO VACCINE(VACCINE_NAME,QUANTITY,BRANCH_ID) VALUES ('Covido',5,4);
INSERT INTO VACCINE(VACCINE_NAME,QUANTITY,BRANCH_ID) VALUES ('Kornes',0,4);
INSERT INTO VACCINE(VACCINE_NAME,QUANTITY,BRANCH_ID) VALUES ('Zula',2,4);
INSERT INTO VACCINE(VACCINE_NAME,QUANTITY,BRANCH_ID) VALUES ('Parma',8,4);
INSERT INTO VACCINE(VACCINE_NAME,QUANTITY,BRANCH_ID) VALUES ('Mora',10,4);
INSERT INTO VACCINE(VACCINE_NAME,QUANTITY,BRANCH_ID) VALUES ('Urua',9,4);
INSERT INTO VACCINE(VACCINE_NAME,QUANTITY,BRANCH_ID) VALUES ('Quarla',12,4);
INSERT INTO VACCINE(VACCINE_NAME,QUANTITY,BRANCH_ID) VALUES ('Verca',0,4);


INSERT INTO SCHEDULE_VACCINATION(VACCINATOR_NAME,NATIONAL_ID,SCHEDULE_TIME,BRANCH_ID,VACCINE_ID,TIME_FROM,TIME_TO,PAYMENT_METHOD,VACCINATOR_EMAIL,CONFIRMED)
VALUES ('Mohamed Ali','29312210104416','2021-01-14 9:00:00',1,1,'2021-01-14 9:00:00','2021-01-14 9:15:00','CREDIT','mohamed.ali@gmail.com','true');

INSERT INTO SCHEDULE_VACCINATION(VACCINATOR_NAME,NATIONAL_ID,SCHEDULE_TIME,BRANCH_ID,VACCINE_ID,TIME_FROM,TIME_TO,PAYMENT_METHOD,VACCINATOR_EMAIL,CONFIRMED)
VALUES ('Mohamed Ahmed','29312210104417','2021-01-14 9:15:00',1,2,'2021-01-14 9:15:00','2021-01-14 9:30:00','CASH','mohamed.ahmed@gmail.com','false');

INSERT INTO SCHEDULE_VACCINATION(VACCINATOR_NAME,NATIONAL_ID,SCHEDULE_TIME,BRANCH_ID,VACCINE_ID,TIME_FROM,TIME_TO,PAYMENT_METHOD,VACCINATOR_EMAIL,CONFIRMED)
VALUES ('Ahmed Ali','29312210104418','2021-01-14 9:30:00',1,3,'2021-01-14 9:30:00','2021-01-14 9:45:00','FAWRY','ahmed.ali@gmail.com','true');

INSERT INTO SCHEDULE_VACCINATION(VACCINATOR_NAME,NATIONAL_ID,SCHEDULE_TIME,BRANCH_ID,VACCINE_ID,TIME_FROM,TIME_TO,PAYMENT_METHOD,VACCINATOR_EMAIL,CONFIRMED)
VALUES ('Ali Ahmed','29312210104419','2021-01-15 10:00:00',2,4,'2021-01-15 10:00:00','2021-01-15 10:15:00','CREDIT','ali.ahmed@gmail.com','false');

INSERT INTO SCHEDULE_VACCINATION(VACCINATOR_NAME,NATIONAL_ID,SCHEDULE_TIME,BRANCH_ID,VACCINE_ID,TIME_FROM,TIME_TO,PAYMENT_METHOD,VACCINATOR_EMAIL,CONFIRMED)
VALUES ('Khaled Ali','29312210104411','2021-01-15 10:15:00',2,5,'2021-01-15 10:30:00','2021-01-15 10:30:00','CASH','khaled.ali@gmail.com','true');

INSERT INTO SCHEDULE_VACCINATION(VACCINATOR_NAME,NATIONAL_ID,SCHEDULE_TIME,BRANCH_ID,VACCINE_ID,TIME_FROM,TIME_TO,PAYMENT_METHOD,VACCINATOR_EMAIL,CONFIRMED)
VALUES ('Mohamed Khaled','29312210104412','2021-01-15 10:30:00',2,6,'2021-01-15 10:30:00','2021-01-15 10:45:00','FAWRY','mohamed.khaled@gmail.com','false');

INSERT INTO SCHEDULE_VACCINATION(VACCINATOR_NAME,NATIONAL_ID,SCHEDULE_TIME,BRANCH_ID,VACCINE_ID,TIME_FROM,TIME_TO,PAYMENT_METHOD,VACCINATOR_EMAIL,CONFIRMED)
VALUES ('Ahmed Khaled','29312210104412','2021-01-16 10:45:00',3,7,'2021-01-16 10:45:00','2021-01-16 11:00:00','CREDIT','ahmed.khaled@gmail.com','true');

INSERT INTO SCHEDULE_VACCINATION(VACCINATOR_NAME,NATIONAL_ID,SCHEDULE_TIME,BRANCH_ID,VACCINE_ID,TIME_FROM,TIME_TO,PAYMENT_METHOD,VACCINATOR_EMAIL,CONFIRMED)
VALUES ('Emad Ahmed','29312210104413','2021-01-16 12:00:00',3,8,'2021-01-16 12:15:00','2021-01-16 12:30:00','CASH','emad.ahmed@gmail.com','false');

INSERT INTO SCHEDULE_VACCINATION(VACCINATOR_NAME,NATIONAL_ID,SCHEDULE_TIME,BRANCH_ID,VACCINE_ID,TIME_FROM,TIME_TO,PAYMENT_METHOD,VACCINATOR_EMAIL,CONFIRMED)
VALUES ('Ali Emad','29312210104414','2021-01-16 12:30:00',3,9,'2021-01-16 12:45:00','2021-01-16 13:00:00','FAWRY','ali.emad@gmail.com','true');